step,total_env_steps,mean_ep_reward,suc_pct,col_pct,pcol_pct,tmo_pct,ppo_loss,ppo_pi,ppo_v,ppo_H,shac_actor_loss,shac_critic_loss,shac_return,shac_ag_norm,shac_h,alpha,n_ep,stage,min_dist,ghost
0,524288,-89.7854,0.0641,81.4463,18.4896,0.0,0.22981,0.01944,0.20838,0.21371,0.0,0.0,0.0,0.0,4,0.0,9362,0,1.5,1.0
5,3145728,-88.2807,0.3172,79.6851,19.9977,0.0,0.15484,-0.00093,0.14567,0.20656,0.0,0.0,0.0,0.0,4,0.0,8511,0,1.5,1.0
10,5767168,-88.432,0.638,80.117,18.6869,0.5582,0.11473,0.02117,0.10976,0.32608,0.0,0.0,0.0,0.0,4,0.0,7524,0,1.5,1.0
15,8388608,-87.4146,1.1129,77.5549,19.9373,1.395,0.10206,-0.01178,0.10874,0.12369,0.0,0.0,0.0,0.0,4,0.0,6380,0,1.5,1.0
20,11010048,-85.1566,1.5996,71.0609,24.1405,3.1991,0.0928,-0.002,0.09169,-0.01392,0.0,0.0,0.0,0.0,4,0.0,5439,0,1.5,1.0
